[
	{
		"id": 189,
		"name": "bookinfo_bg",
		"layerFrame": {
			"x": 0,
			"y": 0,
			"width": 640,
			"height": 1136
		},
		"maskFrame": null,
		"image": {
			"path": "images/bookinfo_bg.png",
			"frame": {
				"x": 33,
				"y": 514,
				"width": 573,
				"height": 543
			}
		},
		"imageType": "png",
		"children": [
			
		],
		"modification": "2473147"
	},
	{
		"id": 151,
		"name": "walflower",
		"layerFrame": {
			"x": 0,
			"y": 0,
			"width": 640,
			"height": 1136
		},
		"maskFrame": null,
		"image": {
			"path": "images/walflower.png",
			"frame": {
				"x": 20,
				"y": 109,
				"width": 601,
				"height": 968
			}
		},
		"imageType": "png",
		"children": [
			
		],
		"modification": "2126588783"
	},
	{
		"id": 218,
		"name": "bg",
		"layerFrame": {
			"x": 0,
			"y": 0,
			"width": 640,
			"height": 1136
		},
		"maskFrame": null,
		"image": {
			"path": "images/bg.png",
			"frame": {
				"x": 0,
				"y": 0,
				"width": 640,
				"height": 1108
			}
		},
		"imageType": "png",
		"children": [
			
		],
		"modification": "2473119"
	},
	{
		"id": 216,
		"name": "bookImage",
		"layerFrame": {
			"x": 0,
			"y": 0,
			"width": 640,
			"height": 1136
		},
		"maskFrame": null,
		"image": {
			"path": "images/bookImage.png",
			"frame": {
				"x": 0,
				"y": 0,
				"width": 640,
				"height": 1136
			}
		},
		"imageType": "png",
		"children": [
			
		],
		"modification": "476900397"
	},
	{
		"id": 214,
		"name": "bar",
		"layerFrame": {
			"x": 0,
			"y": 0,
			"width": 640,
			"height": 1136
		},
		"maskFrame": null,
		"image": {
			"path": "images/bar.png",
			"frame": {
				"x": 0,
				"y": 0,
				"width": 640,
				"height": 141
			}
		},
		"imageType": "png",
		"children": [
			
		],
		"modification": "695688543"
	},
	{
		"id": 212,
		"name": "backtoMenu",
		"layerFrame": {
			"x": 0,
			"y": 0,
			"width": 640,
			"height": 1136
		},
		"maskFrame": null,
		"image": {
			"path": "images/backtoMenu.png",
			"frame": {
				"x": 51,
				"y": 65,
				"width": 19,
				"height": 32
			}
		},
		"imageType": "png",
		"children": [
			
		],
		"modification": "2234756"
	},
	{
		"id": 220,
		"name": "blobContents",
		"layerFrame": {
			"x": 0,
			"y": 0,
			"width": 640,
			"height": 1136
		},
		"maskFrame": null,
		"image": null,
		"imageType": null,
		"children": [
			{
				"id": 204,
				"name": "bookTitle",
				"layerFrame": {
					"x": 0,
					"y": 0,
					"width": 640,
					"height": 1136
				},
				"maskFrame": null,
				"image": {
					"path": "images/bookTitle.png",
					"frame": {
						"x": 0,
						"y": 96,
						"width": 640,
						"height": 262
					}
				},
				"imageType": "png",
				"children": [
					
				],
				"modification": "708174635"
			},
			{
				"id": 208,
				"name": "bookBg",
				"layerFrame": {
					"x": 0,
					"y": 0,
					"width": 640,
					"height": 1136
				},
				"maskFrame": null,
				"image": {
					"path": "images/bookBg.png",
					"frame": {
						"x": 0,
						"y": 312,
						"width": 640,
						"height": 793
					}
				},
				"imageType": "png",
				"children": [
					
				],
				"modification": "2234752"
			}
		],
		"modification": "410210324"
	},
	{
		"id": 210,
		"name": "shade",
		"layerFrame": {
			"x": 0,
			"y": 0,
			"width": 640,
			"height": 1136
		},
		"maskFrame": null,
		"image": {
			"path": "images/shade.png",
			"frame": {
				"x": 0,
				"y": 363,
				"width": 640,
				"height": 714
			}
		},
		"imageType": "png",
		"children": [
			
		],
		"modification": "415683335"
	},
	{
		"id": 200,
		"name": "arrowLeft",
		"layerFrame": {
			"x": 0,
			"y": 0,
			"width": 640,
			"height": 1136
		},
		"maskFrame": null,
		"image": {
			"path": "images/arrowLeft.png",
			"frame": {
				"x": 8,
				"y": 563,
				"width": 23,
				"height": 41
			}
		},
		"imageType": "png",
		"children": [
			
		],
		"modification": "1395542351"
	},
	{
		"id": 169,
		"name": "red1",
		"layerFrame": {
			"x": 0,
			"y": 0,
			"width": 640,
			"height": 1136
		},
		"maskFrame": null,
		"image": {
			"path": "images/red1.png",
			"frame": {
				"x": 0,
				"y": 1048,
				"width": 159,
				"height": 88
			}
		},
		"imageType": "png",
		"children": [
			
		],
		"modification": "826672408"
	},
	{
		"id": 252,
		"name": "red2",
		"layerFrame": {
			"x": 0,
			"y": 0,
			"width": 640,
			"height": 1136
		},
		"maskFrame": null,
		"image": {
			"path": "images/red2.png",
			"frame": {
				"x": 161,
				"y": 1048,
				"width": 159,
				"height": 88
			}
		},
		"imageType": "png",
		"children": [
			
		],
		"modification": "446917123"
	},
	{
		"id": 262,
		"name": "red3",
		"layerFrame": {
			"x": 0,
			"y": 0,
			"width": 640,
			"height": 1136
		},
		"maskFrame": null,
		"image": {
			"path": "images/red3.png",
			"frame": {
				"x": 322,
				"y": 1048,
				"width": 159,
				"height": 88
			}
		},
		"imageType": "png",
		"children": [
			
		],
		"modification": "404536173"
	},
	{
		"id": 267,
		"name": "red4",
		"layerFrame": {
			"x": 0,
			"y": 0,
			"width": 640,
			"height": 1136
		},
		"maskFrame": null,
		"image": {
			"path": "images/red4.png",
			"frame": {
				"x": 483,
				"y": 1048,
				"width": 157,
				"height": 88
			}
		},
		"imageType": "png",
		"children": [
			
		],
		"modification": "24724855"
	},
	{
		"id": 161,
		"name": "addtoInbox",
		"layerFrame": {
			"x": 0,
			"y": 0,
			"width": 640,
			"height": 1136
		},
		"maskFrame": null,
		"image": {
			"path": "images/addtoInbox.png",
			"frame": {
				"x": 378,
				"y": 1073,
				"width": 56,
				"height": 39
			}
		},
		"imageType": "png",
		"children": [
			
		],
		"modification": "415683333"
	},
	{
		"id": 159,
		"name": "rating",
		"layerFrame": {
			"x": 0,
			"y": 0,
			"width": 640,
			"height": 1136
		},
		"maskFrame": null,
		"image": {
			"path": "images/rating.png",
			"frame": {
				"x": 193,
				"y": 1076,
				"width": 93,
				"height": 29
			}
		},
		"imageType": "png",
		"children": [
			
		],
		"modification": "539787111"
	},
	{
		"id": 157,
		"name": "wishlist",
		"layerFrame": {
			"x": 0,
			"y": 0,
			"width": 640,
			"height": 1136
		},
		"maskFrame": null,
		"image": {
			"path": "images/wishlist.png",
			"frame": {
				"x": 541,
				"y": 1071,
				"width": 48,
				"height": 42
			}
		},
		"imageType": "png",
		"children": [
			
		],
		"modification": "536764"
	},
	{
		"id": 155,
		"name": "bookInfo",
		"layerFrame": {
			"x": 0,
			"y": 0,
			"width": 640,
			"height": 1136
		},
		"maskFrame": null,
		"image": {
			"path": "images/bookInfo.png",
			"frame": {
				"x": 48,
				"y": 1072,
				"width": 62,
				"height": 41
			}
		},
		"imageType": "png",
		"children": [
			
		],
		"modification": "343002995"
	},
	{
		"id": 175,
		"name": "ebookCheckout",
		"layerFrame": {
			"x": 0,
			"y": 0,
			"width": 640,
			"height": 1136
		},
		"maskFrame": null,
		"image": null,
		"imageType": null,
		"children": [
			
		],
		"modification": "536758"
	},
	{
		"id": 153,
		"name": "clock",
		"layerFrame": {
			"x": 0,
			"y": 0,
			"width": 640,
			"height": 1136
		},
		"maskFrame": null,
		"image": {
			"path": "images/clock.png",
			"frame": {
				"x": 21,
				"y": 9,
				"width": 600,
				"height": 21
			}
		},
		"imageType": "png",
		"children": [
			
		],
		"modification": "536735"
	},
	{
		"id": 202,
		"name": "arrowRight",
		"layerFrame": {
			"x": 0,
			"y": 0,
			"width": 640,
			"height": 1136
		},
		"maskFrame": null,
		"image": {
			"path": "images/arrowRight.png",
			"frame": {
				"x": 612,
				"y": 563,
				"width": 23,
				"height": 41
			}
		},
		"imageType": "png",
		"children": [
			
		],
		"modification": "1427046441"
	},
	{
		"id": 195,
		"name": "bookinfo_map",
		"layerFrame": {
			"x": 0,
			"y": 0,
			"width": 640,
			"height": 1136
		},
		"maskFrame": null,
		"image": {
			"path": "images/bookinfo_map.png",
			"frame": {
				"x": 31,
				"y": 145,
				"width": 581,
				"height": 912
			}
		},
		"imageType": "png",
		"children": [
			
		],
		"modification": "2053233399"
	},
	{
		"id": 308,
		"name": "mapSpots",
		"layerFrame": {
			"x": 0,
			"y": 0,
			"width": 640,
			"height": 1136
		},
		"maskFrame": null,
		"image": {
			"path": "images/mapSpots.png",
			"frame": {
				"x": 111,
				"y": 259,
				"width": 393,
				"height": 181
			}
		},
		"imageType": "png",
		"children": [
			
		],
		"modification": "956215103"
	},
	{
		"id": 185,
		"name": "hunt",
		"layerFrame": {
			"x": 0,
			"y": 0,
			"width": 640,
			"height": 1136
		},
		"maskFrame": null,
		"image": {
			"path": "images/hunt.png",
			"frame": {
				"x": 35,
				"y": 627,
				"width": 573,
				"height": 136
			}
		},
		"imageType": "png",
		"children": [
			
		],
		"modification": "783800189"
	},
	{
		"id": 191,
		"name": "bookinfo_spots",
		"layerFrame": {
			"x": 0,
			"y": 0,
			"width": 640,
			"height": 1136
		},
		"maskFrame": null,
		"image": null,
		"imageType": null,
		"children": [
			
		],
		"modification": "565570"
	},
	{
		"id": 292,
		"name": "huntSpot",
		"layerFrame": {
			"x": 0,
			"y": 0,
			"width": 640,
			"height": 1136
		},
		"maskFrame": null,
		"image": {
			"path": "images/huntSpot.png",
			"frame": {
				"x": 387,
				"y": 323,
				"width": 85,
				"height": 114
			}
		},
		"imageType": "png",
		"children": [
			
		],
		"modification": "1011357392"
	},
	{
		"id": 297,
		"name": "sorrellsSpot",
		"layerFrame": {
			"x": 0,
			"y": 0,
			"width": 640,
			"height": 1136
		},
		"maskFrame": null,
		"image": {
			"path": "images/sorrellsSpot.png",
			"frame": {
				"x": 298,
				"y": 227,
				"width": 85,
				"height": 114
			}
		},
		"imageType": "png",
		"children": [
			
		],
		"modification": "1280720033"
	},
	{
		"id": 300,
		"name": "mellonSpot",
		"layerFrame": {
			"x": 0,
			"y": 0,
			"width": 640,
			"height": 1136
		},
		"maskFrame": null,
		"image": {
			"path": "images/mellonSpot.png",
			"frame": {
				"x": 108,
				"y": 191,
				"width": 85,
				"height": 114
			}
		},
		"imageType": "png",
		"children": [
			
		],
		"modification": "2122155702"
	},
	{
		"id": 181,
		"name": "sorrells",
		"layerFrame": {
			"x": 0,
			"y": 0,
			"width": 640,
			"height": 1136
		},
		"maskFrame": null,
		"image": {
			"path": "images/sorrells.png",
			"frame": {
				"x": 35,
				"y": 717,
				"width": 573,
				"height": 136
			}
		},
		"imageType": "png",
		"children": [
			
		],
		"modification": "1886226460"
	},
	{
		"id": 177,
		"name": "mellon",
		"layerFrame": {
			"x": 0,
			"y": 0,
			"width": 640,
			"height": 1136
		},
		"maskFrame": null,
		"image": {
			"path": "images/mellon.png",
			"frame": {
				"x": 35,
				"y": 807,
				"width": 573,
				"height": 136
			}
		},
		"imageType": "png",
		"children": [
			
		],
		"modification": "661695523"
	},
	{
		"id": 173,
		"name": "ebook",
		"layerFrame": {
			"x": 0,
			"y": 0,
			"width": 640,
			"height": 1136
		},
		"maskFrame": null,
		"image": {
			"path": "images/ebook.png",
			"frame": {
				"x": 35,
				"y": 912,
				"width": 573,
				"height": 136
			}
		},
		"imageType": "png",
		"children": [
			
		],
		"modification": "1261715825"
	}
]